Workbook

Sheet Rate Table
A1: FedEx Shipping Rates — 주문 금액 구간별 배송 등급 요금
A2: Source: FedEx 제공 요금표 PDF (fc0c0399-1.pdf, 1 page). 2026-09-10 전사. 값은 전액(full price)이며 업그레이드 추가요금이 아님.
A4: From | B4: To | C4: Ground | D4: 3-Day | E4: 2-Day | F4: 1-Day Economical | G4: Sat-Overnight Rush | H4: Note
A5: 1 | B5: 37 | C5: 15.7 | D5: 33.08 | E5: 49.56 | F5: 89.25 | G5: 122.33
A6: 37 | B6: 52 | D6: 38.54 | E6: 58.38 | F6: 93.66 | G6: 126.74
A7: 52 | B7: 74 | D7: 44.05 | E7: 69.41 | F7: 100.28 | G7: 133.35
A8: 74 | B8: 98 | D8: 48.45 | E8: 76.81 | F8: 113.01 | G8: 146.09 | H8: 구간 틈: TO=$98.00 → 다음 FROM=$98.01
A9: 98.01 | B9: 119 | C9: 20.95 | D9: 53.54 | E9: 83.97 | F9: 126.74 | G9: 159.81
A10: 119 | B10: 134 | C10: 25.15 | D10: 77.91 | E10: 118.19 | F10: 148.79 | G10: 181.86
A11: 134 | B11: 194 | C11: 25.67 | D11: 86.73 | E11: 128.11 | F11: 162.07 | G11: 195.14
A12: 194 | B12: 238 | C12: 26.2 | D12: 92.83 | E12: 139.14 | F12: 192.06 | G12: 225.13
A13: 238 | B13: 246 | C13: 27.25 | D13: 96.47 | E13: 144.24 | F13: 199.36 | G13: 232.44
A14: 246 | B14: 300 | C14: 29.35 | D14: 114.66 | E14: 169.79 | F14: 235.94 | G14: 269.01
A15: 300 | B15: 343 | C15: 31.45 | D15: 132.86 | E15: 195.33 | F15: 272.51 | G15: 305.58
A16: 343 | B16: 395 | C16: 33.55 | D16: 151.04 | E16: 220.87 | F16: 309.07 | G16: 342.14
A17: 395 | B17: 447 | C17: 36.7 | D17: 169.24 | E17: 246.41 | F17: 345.64 | G17: 378.71
A18: 447 | B18: 521 | C18: 43 | D18: 187.43 | E18: 271.95 | F18: 382.2 | G18: 415.28 | H18: ⚠ 구간 틈: 앞 행 TO=$521.00, 이 행 FROM=$522.00
A19: 522 | B19: 596 | C19: 47.2 | D19: 223.81 | E19: 323.03 | F19: 455.33 | G19: 488.41
A20: 596 | B20: 700 | C20: 52.45 | D20: 260.19 | E20: 374.12 | F20: 528.47 | G20: 561.54
A21: 700 | B21: 790 | C21: 61.9 | D21: 296.57 | E21: 425.2 | F21: 601.6 | G21: 634.67
A22: 790 | B22: 894 | C22: 71.35 | D22: 332.96 | E22: 476.28 | F22: 674.73 | G22: 707.81
A23: 894 | B23: 968 | C23: 80.8 | D23: 369.34 | E23: 527.36 | F23: 747.86 | G23: 870.94 | H23: ⚠ 원본 이상치: Sat-Overnight $870.94 — 다른 모든 행은 1-Day+$33.07. 기대값 $780.94
A24: 968 | B24: 1117 | C24: 90.25 | D24: 405.72 | E24: 578.45 | F24: 821 | G24: 854.07
A25: 1117 | B25: 1266 | C25: 109.15 | D25: 478.49 | E25: 680.61 | F25: 967.29 | G25: 1000.34
A26: 1266 | B26: 1490 | C26: 128.05 | D26: 551.25 | E26: 782.78 | F26: 1113.53 | G26: 1146.6
A27: 1490 | B27: 1684 | C27: 146.95 | D27: 624.02 | E27: 884.94 | F27: 1259.79 | G27: 1292.87
A28: 1684 | B28: 1877 | C28: 165.85 | D28: 696.78 | E28: 987.11 | F28: 1406.06 | G28: 1439.13
A29: 1877 | B29: 2086 | C29: 184.75 | D29: 769.55 | E29: 1089.27 | F29: 1552.32 | G29: 1585.4
A30: 2086 | B30: 2280 | C30: 203.65 | D30: 842.31 | E30: 1191.44 | F30: 1698.59 | G30: 1731.66
A31: 2280 | B31: 2459 | C31: 215.2 | D31: 915.08 | E31: 1293.6 | F31: 1844.85 | G31: 1877.93
A32: 2459 | B32: 2980 | C32: 234.68 | D32: 1096.99 | E32: 1549.01 | F32: 2210.51 | G32: 2243.59
A33: 2980 | B33: 3874 | C33: 254.63 | D33: 1460.81 | E33: 2059.84 | F33: 2941.84 | G33: 2974.91
A34: 3874 | B34: 4960 | C34: 304.5 | D34: 1824.64 | E34: 2570.66 | F34: 3673.16 | G34: 3706.24
A35: 4960 | B35: 6945 | C35: 404.25 | D35: 2552.29 | E35: 3592.31 | F35: 5135.81 | G35: 5168.89
... A38: 9685 | B38: 99999 | C38: 903 | D38: 3825.68 | E38: 5461.79 | F38: 7678.91 | G38: 7711.99

Sheet Upgrade Calculator
A1: 배송 업그레이드 추가요금 계산기
A2: 노란색 칸만 입력하세요. 추가요금 = (새 등급 요금) − (현재 등급 요금).
A4: 주문 subtotal (세금·배송비 전) | B4: 150 | C4: ← 세금·배송비를 뺀 상품 소계. Kai 확인 (2026-09-10)
A5: 현재 배송 등급 | B5: 2-Day
A6: 변경할 배송 등급 | B6: 1-Day Economical
A8: 계산 결과
A9: 적용 구간 (From) | B9: =INDEX('Rate Table'!$A$5:$A$38,MATCH($B$4,'Rate Table'!$A$5:$A$38,1))
A10: 적용 구간 (To) | B10: =INDEX('Rate Table'!$B$5:$B$38,MATCH($B$4,'Rate Table'!$A$5:$A$38,1))
A11: 현재 등급 요금 | B11: =INDEX('Rate Table'!$C$5:$G$38,MATCH($B$4,'Rate Table'!$A$5:$A$38,1),MATCH($B$5,'Rate Table'!$C$4:$G$4,0))
A12: 새 등급 요금 | B12: =INDEX('Rate Table'!$C$5:$G$38,MATCH($B$4,'Rate Table'!$A$5:$A$38,1),MATCH($B$6,'Rate Table'!$C$4:$G$4,0))
A14: 고객에게 청구할 추가요금 | B14: =ROUND(B12-B11,2)
A16: 경고 | B16: =IF(OR($B$11=0,$B$12=0),"⚠ 이 구간에 해당 등급 요금이 없습니다 (Ground 공란 구간)",IF($B$14<=0,"⚠ 업그레이드가 아닙니다 (차액 0 이하)","OK"))
A18: 구간 판정 규칙 | B18: From ≤ 주문금액 (다음 구간 From 미만). 원본의 구간 틈 2곳은 아래 구간으로 흡수됨.
A19: 제외 옵션 | B19: NEXT DAY(STANDARD/EARLY)는 원본에 'VARIES BY LOC.'로만 표기 — 자동 계산 불가. SAT-OVERNIGHT은 도시별 가능 여부 확인 필요, 금요일 Express 주문에만 해당.

Sheet Upgrade Matrix
A1: 구간별 업그레이드 추가요금 (전 조합)
A2: 각 셀 = (도착 등급 요금) − (출발 등급 요금). 음수/0은 업그레이드가 아님.
A4: From | B4: To | C4: Ground → 3-Day | D4: Ground → 2-Day | E4: Ground → 1-Day Economical | F4: 3-Day → 2-Day | G4: 3-Day → 1-Day Economical | H4: 2-Day → 1-Day Economical
A5: ='Rate Table'!A5 | B5: ='Rate Table'!B5 | C5: =IF(OR('Rate Table'!C5="",'Rate Table'!D5=""),"",ROUND('Rate Table'!D5-'Rate Table'!C5,2)) | D5: =IF(OR('Rate Table'!C5="",'Rate Table'!E5=""),"",ROUND('Rate Table'!E5-'Rate Table'!C5,2)) | E5: =IF(OR('Rate Table'!C5="",'Rate Table'!F5=""),"",ROUND('Rate Table'!F5-'Rate Table'!C5,2)) | F5: =IF(OR('Rate Table'!D5="",'Rate Table'!E5=""),"",ROUND('Rate Table'!E5-'Rate Table'!D5,2)) | G5: =IF(OR('Rate Table'!D5="",'Rate Table'!F5=""),"",ROUND('Rate Table'!F5-'Rate Table'!D5,2)) | H5: =IF(OR('Rate Table'!E5="",'Rate Table'!F5=""),"",ROUND('Rate Table'!F5-'Rate Table'!E5,2))
A6: ='Rate Table'!A6 | B6: ='Rate Table'!B6 | C6: =IF(OR('Rate Table'!C6="",'Rate Table'!D6=""),"",ROUND('Rate Table'!D6-'Rate Table'!C6,2)) | D6: =IF(OR('Rate Table'!C6="",'Rate Table'!E6=""),"",ROUND('Rate Table'!E6-'Rate Table'!C6,2)) | E6: =IF(OR('Rate Table'!C6="",'Rate Table'!F6=""),"",ROUND('Rate Table'!F6-'Rate Table'!C6,2)) | F6: =IF(OR('Rate Table'!D6="",'Rate Table'!E6=""),"",ROUND('Rate Table'!E6-'Rate Table'!D6,2)) | G6: =IF(OR('Rate Table'!D6="",'Rate Table'!F6=""),"",ROUND('Rate Table'!F6-'Rate Table'!D6,2)) | H6: =IF(OR('Rate Table'!E6="",'Rate Table'!F6=""),"",ROUND('Rate Table'!F6-'Rate Table'!E6,2))
A7: ='Rate Table'!A7 | B7: ='Rate Table'!B7 | C7: =IF(OR('Rate Table'!C7="",'Rate Table'!D7=""),"",ROUND('Rate Table'!D7-'Rate Table'!C7,2)) | D7: =IF(OR('Rate Table'!C7="",'Rate Table'!E7=""),"",ROUND('Rate Table'!E7-'Rate Table'!C7,2)) | E7: =IF(OR('Rate Table'!C7="",'Rate Table'!F7=""),"",ROUND('Rate Table'!F7-'Rate Table'!C7,2)) | F7: =IF(OR('Rate Table'!D7="",'Rate Table'!E7=""),"",ROUND('Rate Table'!E7-'Rate Table'!D7,2)) | G7: =IF(OR('Rate Table'!D7="",'Rate Table'!F7=""),"",ROUND('Rate Table'!F7-'Rate Table'!D7,2)) | H7: =IF(OR('Rate Table'!E7="",'Rate Table'!F7=""),"",ROUND('Rate Table'!F7-'Rate Table'!E7,2))
A8: ='Rate Table'!A8 | B8: ='Rate Table'!B8 | C8: =IF(OR('Rate Table'!C8="",'Rate Table'!D8=""),"",ROUND('Rate Table'!D8-'Rate Table'!C8,2)) | D8: =IF(OR('Rate Table'!C8="",'Rate Table'!E8=""),"",ROUND('Rate Table'!E8-'Rate Table'!C8,2)) | E8: =IF(OR('Rate Table'!C8="",'Rate Table'!F8=""),"",ROUND('Rate Table'!F8-'Rate Table'!C8,2)) | F8: =IF(OR('Rate Table'!D8="",'Rate Table'!E8=""),"",ROUND('Rate Table'!E8-'Rate Table'!D8,2)) | G8: =IF(OR('Rate Table'!D8="",'Rate Table'!F8=""),"",ROUND('Rate Table'!F8-'Rate Table'!D8,2)) | H8: =IF(OR('Rate Table'!E8="",'Rate Table'!F8=""),"",ROUND('Rate Table'!F8-'Rate Table'!E8,2))
A9: ='Rate Table'!A9 | B9: ='Rate Table'!B9 | C9: =IF(OR('Rate Table'!C9="",'Rate Table'!D9=""),"",ROUND('Rate Table'!D9-'Rate Table'!C9,2)) | D9: =IF(OR('Rate Table'!C9="",'Rate Table'!E9=""),"",ROUND('Rate Table'!E9-'Rate Table'!C9,2)) | E9: =IF(OR('Rate Table'!C9="",'Rate Table'!F9=""),"",ROUND('Rate Table'!F9-'Rate Table'!C9,2)) | F9: =IF(OR('Rate Table'!D9="",'Rate Table'!E9=""),"",ROUND('Rate Table'!E9-'Rate Table'!D9,2)) | G9: =IF(OR('Rate Table'!D9="",'Rate Table'!F9=""),"",ROUND('Rate Table'!F9-'Rate Table'!D9,2)) | H9: =IF(OR('Rate Table'!E9="",'Rate Table'!F9=""),"",ROUND('Rate Table'!F9-'Rate Table'!E9,2))
A10: ='Rate Table'!A10 | B10: ='Rate Table'!B10 | C10: =IF(OR('Rate Table'!C10="",'Rate Table'!D10=""),"",ROUND('Rate Table'!D10-'Rate Table'!C10,2)) | D10: =IF(OR('Rate Table'!C10="",'Rate Table'!E10=""),"",ROUND('Rate Table'!E10-'Rate Table'!C10,2)) | E10: =IF(OR('Rate Table'!C10="",'Rate Table'!F10=""),"",ROUND('Rate Table'!F10-'Rate Table'!C10,2)) | F10: =IF(OR('Rate Table'!D10="",'Rate Table'!E10=""),"",ROUND('Rate Table'!E10-'Rate Table'!D10,2)) | G10: =IF(OR('Rate Table'!D10="",'Rate Table'!F10=""),"",ROUND('Rate Table'!F10-'Rate Table'!D10,2)) | H10: =IF(OR('Rate Table'!E10="",'Rate Table'!F10=""),"",ROUND('Rate Table'!F10-'Rate Table'!E10,2))
A11: ='Rate Table'!A11 | B11: ='Rate Table'!B11 | C11: =IF(OR('Rate Table'!C11="",'Rate Table'!D11=""),"",ROUND('Rate Table'!D11-'Rate Table'!C11,2)) | D11: =IF(OR('Rate Table'!C11="",'Rate Table'!E11=""),"",ROUND('Rate Table'!E11-'Rate Table'!C11,2)) | E11: =IF(OR('Rate Table'!C11="",'Rate Table'!F11=""),"",ROUND('Rate Table'!F11-'Rate Table'!C11,2)) | F11: =IF(OR('Rate Table'!D11="",'Rate Table'!E11=""),"",ROUND('Rate Table'!E11-'Rate Table'!D11,2)) | G11: =IF(OR('Rate Table'!D11="",'Rate Table'!F11=""),"",ROUND('Rate Table'!F11-'Rate Table'!D11,2)) | H11: =IF(OR('Rate Table'!E11="",'Rate Table'!F11=""),"",ROUND('Rate Table'!F11-'Rate Table'!E11,2))
A12: ='Rate Table'!A12 | B12: ='Rate Table'!B12 | C12: =IF(OR('Rate Table'!C12="",'Rate Table'!D12=""),"",ROUND('Rate Table'!D12-'Rate Table'!C12,2)) | D12: =IF(OR('Rate Table'!C12="",'Rate Table'!E12=""),"",ROUND('Rate Table'!E12-'Rate Table'!C12,2)) | E12: =IF(OR('Rate Table'!C12="",'Rate Table'!F12=""),"",ROUND('Rate Table'!F12-'Rate Table'!C12,2)) | F12: =IF(OR('Rate Table'!D12="",'Rate Table'!E12=""),"",ROUND('Rate Table'!E12-'Rate Table'!D12,2)) | G12: =IF(OR('Rate Table'!D12="",'Rate Table'!F12=""),"",ROUND('Rate Table'!F12-'Rate Table'!D12,2)) | H12: =IF(OR('Rate Table'!E12="",'Rate Table'!F12=""),"",ROUND('Rate Table'!F12-'Rate Table'!E12,2))
A13: ='Rate Table'!A13 | B13: ='Rate Table'!B13 | C13: =IF(OR('Rate Table'!C13="",'Rate Table'!D13=""),"",ROUND('Rate Table'!D13-'Rate Table'!C13,2)) | D13: =IF(OR('Rate Table'!C13="",'Rate Table'!E13=""),"",ROUND('Rate Table'!E13-'Rate Table'!C13,2)) | E13: =IF(OR('Rate Table'!C13="",'Rate Table'!F13=""),"",ROUND('Rate Table'!F13-'Rate Table'!C13,2)) | F13: =IF(OR('Rate Table'!D13="",'Rate Table'!E13=""),"",ROUND('Rate Table'!E13-'Rate Table'!D13,2)) | G13: =IF(OR('Rate Table'!D13="",'Rate Table'!F13=""),"",ROUND('Rate Table'!F13-'Rate Table'!D13,2)) | H13: =IF(OR('Rate Table'!E13="",'Rate Table'!F13=""),"",ROUND('Rate Table'!F13-'Rate Table'!E13,2))
A14: ='Rate Table'!A14 | B14: ='Rate Table'!B14 | C14: =IF(OR('Rate Table'!C14="",'Rate Table'!D14=""),"",ROUND('Rate Table'!D14-'Rate Table'!C14,2)) | D14: =IF(OR('Rate Table'!C14="",'Rate Table'!E14=""),"",ROUND('Rate Table'!E14-'Rate Table'!C14,2)) | E14: =IF(OR('Rate Table'!C14="",'Rate Table'!F14=""),"",ROUND('Rate Table'!F14-'Rate Table'!C14,2)) | F14: =IF(OR('Rate Table'!D14="",'Rate Table'!E14=""),"",ROUND('Rate Table'!E14-'Rate Table'!D14,2)) | G14: =IF(OR('Rate Table'!D14="",'Rate Table'!F14=""),"",ROUND('Rate Table'!F14-'Rate Table'!D14,2)) | H14: =IF(OR('Rate Table'!E14="",'Rate Table'!F14=""),"",ROUND('Rate Table'!F14-'Rate Table'!E14,2))
A15: ='Rate Table'!A15 | B15: ='Rate Table'!B15 | C15: =IF(OR('Rate Table'!C15="",'Rate Table'!D15=""),"",ROUND('Rate Table'!D15-'Rate Table'!C15,2)) | D15: =IF(OR('Rate Table'!C15="",'Rate Table'!E15=""),"",ROUND('Rate Table'!E15-'Rate Table'!C15,2)) | E15: =IF(OR('Rate Table'!C15="",'Rate Table'!F15=""),"",ROUND('Rate Table'!F15-'Rate Table'!C15,2)) | F15: =IF(OR('Rate Table'!D15="",'Rate Table'!E15=""),"",ROUND('Rate Table'!E15-'Rate Table'!D15,2)) | G15: =IF(OR('Rate Table'!D15="",'Rate Table'!F15=""),"",ROUND('Rate Table'!F15-'Rate Table'!D15,2)) | H15: =IF(OR('Rate Table'!E15="",'Rate Table'!F15=""),"",ROUND('Rate Table'!F15-'Rate Table'!E15,2))
A16: ='Rate Table'!A16 | B16: ='Rate Table'!B16 | C16: =IF(OR('Rate Table'!C16="",'Rate Table'!D16=""),"",ROUND('Rate Table'!D16-'Rate Table'!C16,2)) | D16: =IF(OR('Rate Table'!C16="",'Rate Table'!E16=""),"",ROUND('Rate Table'!E16-'Rate Table'!C16,2)) | E16: =IF(OR('Rate Table'!C16="",'Rate Table'!F16=""),"",ROUND('Rate Table'!F16-'Rate Table'!C16,2)) | F16: =IF(OR('Rate Table'!D16="",'Rate Table'!E16=""),"",ROUND('Rate Table'!E16-'Rate Table'!D16,2)) | G16: =IF(OR('Rate Table'!D16="",'Rate Table'!F16=""),"",ROUND('Rate Table'!F16-'Rate Table'!D16,2)) | H16: =IF(OR('Rate Table'!E16="",'Rate Table'!F16=""),"",ROUND('Rate Table'!F16-'Rate Table'!E16,2))
... A38: ='Rate Table'!A38 | B38: ='Rate Table'!B38 | C38: =IF(OR('Rate Table'!C38="",'Rate Table'!D38=""),"",ROUND('Rate Table'!D38-'Rate Table'!C38,2)) | D38: =IF(OR('Rate Table'!C38="",'Rate Table'!E38=""),"",ROUND('Rate Table'!E38-'Rate Table'!C38,2)) | E38: =IF(OR('Rate Table'!C38="",'Rate Table'!F38=""),"",ROUND('Rate Table'!F38-'Rate Table'!C38,2)) | F38: =IF(OR('Rate Table'!D38="",'Rate Table'!E38=""),"",ROUND('Rate Table'!E38-'Rate Table'!D38,2)) | G38: =IF(OR('Rate Table'!D38="",'Rate Table'!F38=""),"",ROUND('Rate Table'!F38-'Rate Table'!D38,2)) | H38: =IF(OR('Rate Table'!E38="",'Rate Table'!F38=""),"",ROUND('Rate Table'!F38-'Rate Table'!E38,2))

Sheet Verification
A1: 전사 검증 — 원본 PDF 대조용
A2: 모든 검사는 살아있는 수식입니다. Rate Table 값을 고치면 즉시 다시 판정됩니다.
A4: From | B4: To | C4: Sat − 1-Day | D4: 33.07 규칙 | E4: 등급 순서 | F4: Ground 단조 | G4: 3-Day 단조 | H4: 2-Day 단조 | I4: 1-Day 단조 | J4: Sat 단조
A5: ='Rate Table'!A5 | B5: ='Rate Table'!B5 | C5: =ROUND('Rate Table'!G5-'Rate Table'!F5,2) | D5: =IF(AND(C5>=33,C5<=33.1),"OK","FAIL") | E5: =IF(AND(IF('Rate Table'!C5="",TRUE,'Rate Table'!C5<'Rate Table'!D5),'Rate Table'!D5<'Rate Table'!E5,'Rate Table'!E5<'Rate Table'!F5,'Rate Table'!F5<'Rate Table'!G5),"OK","FAIL") | F5: — | G5: — | H5: — | I5: — | J5: —
A6: ='Rate Table'!A6 | B6: ='Rate Table'!B6 | C6: =ROUND('Rate Table'!G6-'Rate Table'!F6,2) | D6: =IF(AND(C6>=33,C6<=33.1),"OK","FAIL") | E6: =IF(AND(IF('Rate Table'!C6="",TRUE,'Rate Table'!C6<'Rate Table'!D6),'Rate Table'!D6<'Rate Table'!E6,'Rate Table'!E6<'Rate Table'!F6,'Rate Table'!F6<'Rate Table'!G6),"OK","FAIL") | F6: =IF(OR('Rate Table'!C6="",'Rate Table'!C5=""),"—",IF('Rate Table'!C6>='Rate Table'!C5,"OK","FAIL")) | G6: =IF(OR('Rate Table'!D6="",'Rate Table'!D5=""),"—",IF('Rate Table'!D6>='Rate Table'!D5,"OK","FAIL")) | H6: =IF(OR('Rate Table'!E6="",'Rate Table'!E5=""),"—",IF('Rate Table'!E6>='Rate Table'!E5,"OK","FAIL")) | I6: =IF(OR('Rate Table'!F6="",'Rate Table'!F5=""),"—",IF('Rate Table'!F6>='Rate Table'!F5,"OK","FAIL")) | J6: =IF(OR('Rate Table'!G6="",'Rate Table'!G5=""),"—",IF('Rate Table'!G6>='Rate Table'!G5,"OK","FAIL"))
A7: ='Rate Table'!A7 | B7: ='Rate Table'!B7 | C7: =ROUND('Rate Table'!G7-'Rate Table'!F7,2) | D7: =IF(AND(C7>=33,C7<=33.1),"OK","FAIL") | E7: =IF(AND(IF('Rate Table'!C7="",TRUE,'Rate Table'!C7<'Rate Table'!D7),'Rate Table'!D7<'Rate Table'!E7,'Rate Table'!E7<'Rate Table'!F7,'Rate Table'!F7<'Rate Table'!G7),"OK","FAIL") | F7: =IF(OR('Rate Table'!C7="",'Rate Table'!C6=""),"—",IF('Rate Table'!C7>='Rate Table'!C6,"OK","FAIL")) | G7: =IF(OR('Rate Table'!D7="",'Rate Table'!D6=""),"—",IF('Rate Table'!D7>='Rate Table'!D6,"OK","FAIL")) | H7: =IF(OR('Rate Table'!E7="",'Rate Table'!E6=""),"—",IF('Rate Table'!E7>='Rate Table'!E6,"OK","FAIL")) | I7: =IF(OR('Rate Table'!F7="",'Rate Table'!F6=""),"—",IF('Rate Table'!F7>='Rate Table'!F6,"OK","FAIL")) | J7: =IF(OR('Rate Table'!G7="",'Rate Table'!G6=""),"—",IF('Rate Table'!G7>='Rate Table'!G6,"OK","FAIL"))
A8: ='Rate Table'!A8 | B8: ='Rate Table'!B8 | C8: =ROUND('Rate Table'!G8-'Rate Table'!F8,2) | D8: =IF(AND(C8>=33,C8<=33.1),"OK","FAIL") | E8: =IF(AND(IF('Rate Table'!C8="",TRUE,'Rate Table'!C8<'Rate Table'!D8),'Rate Table'!D8<'Rate Table'!E8,'Rate Table'!E8<'Rate Table'!F8,'Rate Table'!F8<'Rate Table'!G8),"OK","FAIL") | F8: =IF(OR('Rate Table'!C8="",'Rate Table'!C7=""),"—",IF('Rate Table'!C8>='Rate Table'!C7,"OK","FAIL")) | G8: =IF(OR('Rate Table'!D8="",'Rate Table'!D7=""),"—",IF('Rate Table'!D8>='Rate Table'!D7,"OK","FAIL")) | H8: =IF(OR('Rate Table'!E8="",'Rate Table'!E7=""),"—",IF('Rate Table'!E8>='Rate Table'!E7,"OK","FAIL")) | I8: =IF(OR('Rate Table'!F8="",'Rate Table'!F7=""),"—",IF('Rate Table'!F8>='Rate Table'!F7,"OK","FAIL")) | J8: =IF(OR('Rate Table'!G8="",'Rate Table'!G7=""),"—",IF('Rate Table'!G8>='Rate Table'!G7,"OK","FAIL"))
A9: ='Rate Table'!A9 | B9: ='Rate Table'!B9 | C9: =ROUND('Rate Table'!G9-'Rate Table'!F9,2) | D9: =IF(AND(C9>=33,C9<=33.1),"OK","FAIL") | E9: =IF(AND(IF('Rate Table'!C9="",TRUE,'Rate Table'!C9<'Rate Table'!D9),'Rate Table'!D9<'Rate Table'!E9,'Rate Table'!E9<'Rate Table'!F9,'Rate Table'!F9<'Rate Table'!G9),"OK","FAIL") | F9: =IF(OR('Rate Table'!C9="",'Rate Table'!C8=""),"—",IF('Rate Table'!C9>='Rate Table'!C8,"OK","FAIL")) | G9: =IF(OR('Rate Table'!D9="",'Rate Table'!D8=""),"—",IF('Rate Table'!D9>='Rate Table'!D8,"OK","FAIL")) | H9: =IF(OR('Rate Table'!E9="",'Rate Table'!E8=""),"—",IF('Rate Table'!E9>='Rate Table'!E8,"OK","FAIL")) | I9: =IF(OR('Rate Table'!F9="",'Rate Table'!F8=""),"—",IF('Rate Table'!F9>='Rate Table'!F8,"OK","FAIL")) | J9: =IF(OR('Rate Table'!G9="",'Rate Table'!G8=""),"—",IF('Rate Table'!G9>='Rate Table'!G8,"OK","FAIL"))
A10: ='Rate Table'!A10 | B10: ='Rate Table'!B10 | C10: =ROUND('Rate Table'!G10-'Rate Table'!F10,2) | D10: =IF(AND(C10>=33,C10<=33.1),"OK","FAIL") | E10: =IF(AND(IF('Rate Table'!C10="",TRUE,'Rate Table'!C10<'Rate Table'!D10),'Rate Table'!D10<'Rate Table'!E10,'Rate Table'!E10<'Rate Table'!F10,'Rate Table'!F10<'Rate Table'!G10),"OK","FAIL") | F10: =IF(OR('Rate Table'!C10="",'Rate Table'!C9=""),"—",IF('Rate Table'!C10>='Rate Table'!C9,"OK","FAIL")) | G10: =IF(OR('Rate Table'!D10="",'Rate Table'!D9=""),"—",IF('Rate Table'!D10>='Rate Table'!D9,"OK","FAIL")) | H10: =IF(OR('Rate Table'!E10="",'Rate Table'!E9=""),"—",IF('Rate Table'!E10>='Rate Table'!E9,"OK","FAIL")) | I10: =IF(OR('Rate Table'!F10="",'Rate Table'!F9=""),"—",IF('Rate Table'!F10>='Rate Table'!F9,"OK","FAIL")) | J10: =IF(OR('Rate Table'!G10="",'Rate Table'!G9=""),"—",IF('Rate Table'!G10>='Rate Table'!G9,"OK","FAIL"))
A11: ='Rate Table'!A11 | B11: ='Rate Table'!B11 | C11: =ROUND('Rate Table'!G11-'Rate Table'!F11,2) | D11: =IF(AND(C11>=33,C11<=33.1),"OK","FAIL") | E11: =IF(AND(IF('Rate Table'!C11="",TRUE,'Rate Table'!C11<'Rate Table'!D11),'Rate Table'!D11<'Rate Table'!E11,'Rate Table'!E11<'Rate Table'!F11,'Rate Table'!F11<'Rate Table'!G11),"OK","FAIL") | F11: =IF(OR('Rate Table'!C11="",'Rate Table'!C10=""),"—",IF('Rate Table'!C11>='Rate Table'!C10,"OK","FAIL")) | G11: =IF(OR('Rate Table'!D11="",'Rate Table'!D10=""),"—",IF('Rate Table'!D11>='Rate Table'!D10,"OK","FAIL")) | H11: =IF(OR('Rate Table'!E11="",'Rate Table'!E10=""),"—",IF('Rate Table'!E11>='Rate Table'!E10,"OK","FAIL")) | I11: =IF(OR('Rate Table'!F11="",'Rate Table'!F10=""),"—",IF('Rate Table'!F11>='Rate Table'!F10,"OK","FAIL")) | J11: =IF(OR('Rate Table'!G11="",'Rate Table'!G10=""),"—",IF('Rate Table'!G11>='Rate Table'!G10,"OK","FAIL"))
A12: ='Rate Table'!A12 | B12: ='Rate Table'!B12 | C12: =ROUND('Rate Table'!G12-'Rate Table'!F12,2) | D12: =IF(AND(C12>=33,C12<=33.1),"OK","FAIL") | E12: =IF(AND(IF('Rate Table'!C12="",TRUE,'Rate Table'!C12<'Rate Table'!D12),'Rate Table'!D12<'Rate Table'!E12,'Rate Table'!E12<'Rate Table'!F12,'Rate Table'!F12<'Rate Table'!G12),"OK","FAIL") | F12: =IF(OR('Rate Table'!C12="",'Rate Table'!C11=""),"—",IF('Rate Table'!C12>='Rate Table'!C11,"OK","FAIL")) | G12: =IF(OR('Rate Table'!D12="",'Rate Table'!D11=""),"—",IF('Rate Table'!D12>='Rate Table'!D11,"OK","FAIL")) | H12: =IF(OR('Rate Table'!E12="",'Rate Table'!E11=""),"—",IF('Rate Table'!E12>='Rate Table'!E11,"OK","FAIL")) | I12: =IF(OR('Rate Table'!F12="",'Rate Table'!F11=""),"—",IF('Rate Table'!F12>='Rate Table'!F11,"OK","FAIL")) | J12: =IF(OR('Rate Table'!G12="",'Rate Table'!G11=""),"—",IF('Rate Table'!G12>='Rate Table'!G11,"OK","FAIL"))
A13: ='Rate Table'!A13 | B13: ='Rate Table'!B13 | C13: =ROUND('Rate Table'!G13-'Rate Table'!F13,2) | D13: =IF(AND(C13>=33,C13<=33.1),"OK","FAIL") | E13: =IF(AND(IF('Rate Table'!C13="",TRUE,'Rate Table'!C13<'Rate Table'!D13),'Rate Table'!D13<'Rate Table'!E13,'Rate Table'!E13<'Rate Table'!F13,'Rate Table'!F13<'Rate Table'!G13),"OK","FAIL") | F13: =IF(OR('Rate Table'!C13="",'Rate Table'!C12=""),"—",IF('Rate Table'!C13>='Rate Table'!C12,"OK","FAIL")) | G13: =IF(OR('Rate Table'!D13="",'Rate Table'!D12=""),"—",IF('Rate Table'!D13>='Rate Table'!D12,"OK","FAIL")) | H13: =IF(OR('Rate Table'!E13="",'Rate Table'!E12=""),"—",IF('Rate Table'!E13>='Rate Table'!E12,"OK","FAIL")) | I13: =IF(OR('Rate Table'!F13="",'Rate Table'!F12=""),"—",IF('Rate Table'!F13>='Rate Table'!F12,"OK","FAIL")) | J13: =IF(OR('Rate Table'!G13="",'Rate Table'!G12=""),"—",IF('Rate Table'!G13>='Rate Table'!G12,"OK","FAIL"))
A14: ='Rate Table'!A14 | B14: ='Rate Table'!B14 | C14: =ROUND('Rate Table'!G14-'Rate Table'!F14,2) | D14: =IF(AND(C14>=33,C14<=33.1),"OK","FAIL") | E14: =IF(AND(IF('Rate Table'!C14="",TRUE,'Rate Table'!C14<'Rate Table'!D14),'Rate Table'!D14<'Rate Table'!E14,'Rate Table'!E14<'Rate Table'!F14,'Rate Table'!F14<'Rate Table'!G14),"OK","FAIL") | F14: =IF(OR('Rate Table'!C14="",'Rate Table'!C13=""),"—",IF('Rate Table'!C14>='Rate Table'!C13,"OK","FAIL")) | G14: =IF(OR('Rate Table'!D14="",'Rate Table'!D13=""),"—",IF('Rate Table'!D14>='Rate Table'!D13,"OK","FAIL")) | H14: =IF(OR('Rate Table'!E14="",'Rate Table'!E13=""),"—",IF('Rate Table'!E14>='Rate Table'!E13,"OK","FAIL")) | I14: =IF(OR('Rate Table'!F14="",'Rate Table'!F13=""),"—",IF('Rate Table'!F14>='Rate Table'!F13,"OK","FAIL")) | J14: =IF(OR('Rate Table'!G14="",'Rate Table'!G13=""),"—",IF('Rate Table'!G14>='Rate Table'!G13,"OK","FAIL"))
A15: ='Rate Table'!A15 | B15: ='Rate Table'!B15 | C15: =ROUND('Rate Table'!G15-'Rate Table'!F15,2) | D15: =IF(AND(C15>=33,C15<=33.1),"OK","FAIL") | E15: =IF(AND(IF('Rate Table'!C15="",TRUE,'Rate Table'!C15<'Rate Table'!D15),'Rate Table'!D15<'Rate Table'!E15,'Rate Table'!E15<'Rate Table'!F15,'Rate Table'!F15<'Rate Table'!G15),"OK","FAIL") | F15: =IF(OR('Rate Table'!C15="",'Rate Table'!C14=""),"—",IF('Rate Table'!C15>='Rate Table'!C14,"OK","FAIL")) | G15: =IF(OR('Rate Table'!D15="",'Rate Table'!D14=""),"—",IF('Rate Table'!D15>='Rate Table'!D14,"OK","FAIL")) | H15: =IF(OR('Rate Table'!E15="",'Rate Table'!E14=""),"—",IF('Rate Table'!E15>='Rate Table'!E14,"OK","FAIL")) | I15: =IF(OR('Rate Table'!F15="",'Rate Table'!F14=""),"—",IF('Rate Table'!F15>='Rate Table'!F14,"OK","FAIL")) | J15: =IF(OR('Rate Table'!G15="",'Rate Table'!G14=""),"—",IF('Rate Table'!G15>='Rate Table'!G14,"OK","FAIL"))
A16: ='Rate Table'!A16 | B16: ='Rate Table'!B16 | C16: =ROUND('Rate Table'!G16-'Rate Table'!F16,2) | D16: =IF(AND(C16>=33,C16<=33.1),"OK","FAIL") | E16: =IF(AND(IF('Rate Table'!C16="",TRUE,'Rate Table'!C16<'Rate Table'!D16),'Rate Table'!D16<'Rate Table'!E16,'Rate Table'!E16<'Rate Table'!F16,'Rate Table'!F16<'Rate Table'!G16),"OK","FAIL") | F16: =IF(OR('Rate Table'!C16="",'Rate Table'!C15=""),"—",IF('Rate Table'!C16>='Rate Table'!C15,"OK","FAIL")) | G16: =IF(OR('Rate Table'!D16="",'Rate Table'!D15=""),"—",IF('Rate Table'!D16>='Rate Table'!D15,"OK","FAIL")) | H16: =IF(OR('Rate Table'!E16="",'Rate Table'!E15=""),"—",IF('Rate Table'!E16>='Rate Table'!E15,"OK","FAIL")) | I16: =IF(OR('Rate Table'!F16="",'Rate Table'!F15=""),"—",IF('Rate Table'!F16>='Rate Table'!F15,"OK","FAIL")) | J16: =IF(OR('Rate Table'!G16="",'Rate Table'!G15=""),"—",IF('Rate Table'!G16>='Rate Table'!G15,"OK","FAIL"))
A17: ='Rate Table'!A17 | B17: ='Rate Table'!B17 | C17: =ROUND('Rate Table'!G17-'Rate Table'!F17,2) | D17: =IF(AND(C17>=33,C17<=33.1),"OK","FAIL") | E17: =IF(AND(IF('Rate Table'!C17="",TRUE,'Rate Table'!C17<'Rate Table'!D17),'Rate Table'!D17<'Rate Table'!E17,'Rate Table'!E17<'Rate Table'!F17,'Rate Table'!F17<'Rate Table'!G17),"OK","FAIL") | F17: =IF(OR('Rate Table'!C17="",'Rate Table'!C16=""),"—",IF('Rate Table'!C17>='Rate Table'!C16,"OK","FAIL")) | G17: =IF(OR('Rate Table'!D17="",'Rate Table'!D16=""),"—",IF('Rate Table'!D17>='Rate Table'!D16,"OK","FAIL")) | H17: =IF(OR('Rate Table'!E17="",'Rate Table'!E16=""),"—",IF('Rate Table'!E17>='Rate Table'!E16,"OK","FAIL")) | I17: =IF(OR('Rate Table'!F17="",'Rate Table'!F16=""),"—",IF('Rate Table'!F17>='Rate Table'!F16,"OK","FAIL")) | J17: =IF(OR('Rate Table'!G17="",'Rate Table'!G16=""),"—",IF('Rate Table'!G17>='Rate Table'!G16,"OK","FAIL"))
... A38: ='Rate Table'!A38 | B38: ='Rate Table'!B38 | C38: =ROUND('Rate Table'!G38-'Rate Table'!F38,2) | D38: =IF(AND(C38>=33,C38<=33.1),"OK","FAIL") | E38: =IF(AND(IF('Rate Table'!C38="",TRUE,'Rate Table'!C38<'Rate Table'!D38),'Rate Table'!D38<'Rate Table'!E38,'Rate Table'!E38<'Rate Table'!F38,'Rate Table'!F38<'Rate Table'!G38),"OK","FAIL") | F38: =IF(OR('Rate Table'!C38="",'Rate Table'!C37=""),"—",IF('Rate Table'!C38>='Rate Table'!C37,"OK","FAIL")) | G38: =IF(OR('Rate Table'!D38="",'Rate Table'!D37=""),"—",IF('Rate Table'!D38>='Rate Table'!D37,"OK","FAIL")) | H38: =IF(OR('Rate Table'!E38="",'Rate Table'!E37=""),"—",IF('Rate Table'!E38>='Rate Table'!E37,"OK","FAIL")) | I38: =IF(OR('Rate Table'!F38="",'Rate Table'!F37=""),"—",IF('Rate Table'!F38>='Rate Table'!F37,"OK","FAIL")) | J38: =IF(OR('Rate Table'!G38="",'Rate Table'!G37=""),"—",IF('Rate Table'!G38>='Rate Table'!G37,"OK","FAIL"))
A40: FAIL 합계 (전체) | B40: =COUNTIF(D5:J38,"FAIL") | C40: D23·J24 는 아래 '알려진 원본 이상치'가 만드는 것 — 전사 오류 아님
A41: 신규 FAIL (알려진 이상치 제외) | B41: =B40-COUNTIF(D23:D23,"FAIL")-COUNTIF(J24:J24,"FAIL") | C41: =IF(B41=0,"신규 FAIL 없음 — 원본과 일치","⚠ 신규 FAIL 발생 — 해당 셀을 원본 PDF와 대조하세요")
A43: 알려진 원본 이상치 | B43: $894.00–$968.00 행의 Sat-Overnight = $870.94. 11배 확대로 재확인함 — 전사 오류 아니라 원본 값. 다른 33개 행은 모두 1-Day + $33.07~33.08 이므로 기대값은 $780.94. FedEx 확인 필요.

Sheet Notes
A1: 출처 · 전사 방법 · 확인 필요 항목
A3: 출처 | B3: FedEx가 보낸 요금표 PDF (fc0c0399-1.pdf, 1페이지). Kai 제공, 2026-09-10.
A4: 유효성 | B4: 현재 유효한 표 — Kai 확인 2026-09-13. 문서 자체에는 발효일자 표기가 없으므로, FedEx가 새 요금표를 보내오면 Rate Table 시트를 갱신하고 이 줄의 날짜를 함께 고칠 것.
A5: 적용 범위 | B5: 출발 시설·존(zone) 구분 없는 단일 표. GA/NJ/TX/NV/CA 어디서 나가든 같은 요금으로 적용.
A6: 전사 방법 | B6: PDF에 텍스트 레이어가 없어(글자가 전부 벡터 외곽선) 자동 추출 불가. 5배 렌더링 후 7개 밴드로 나눠 육안 전사, 이상 셀은 8~11배로 재확인.
A7: 검증 1차 | B7: 170칸 중 공란 3칸 제외 167개 값. Sat−1Day=$33.07 불변식이 34행 중 33행에서 성립, 전 열 단조 증가, 전 행 등급 순서 정상. Verification 시트에 수식으로 남김.
A8: 검증 2차 | B8: 1차 검사는 3-Day 컬럼을 단조성으로만 커버해 가장 약했음. 9배 렌더로 From·Ground·3-Day·2-Day를 1차와 별개로 다시 판독해 136셀 대조 — 불일치 0. 해당 컬럼 확정.
A9: 수식 검증 | B9: 942개 수식 셀 전체 평가, 오류 0. 파이썬 독립 계산과 표본 대조 일치. (LibreOffice가 이 환경에서 동작하지 않아 formulas 엔진으로 평가함)
A11: 확인 필요 1 | B11: Ground 요금 공란 — $37.00~$52.00, $52.00~$74.00, $74.00~$98.00 세 구간. 무료배송인지 Ground 미제공인지? (Danny)
A12: 확인 필요 2 | B12: $894.00–$968.00 구간 Sat-Overnight = $870.94. 규칙대로면 $780.94. 원본 오타 의심. (FedEx/Danny)
A13: 확인 필요 3 | B13: 구간 틈 2곳 — $98.00~$98.01, $521.00~$522.00. 경계 금액이 어느 구간인지. 이 파일은 'From ≤ 금액' 규칙으로 아래 구간에 흡수.
A14: 확정 | B14: 조회 기준 = 주문 subtotal (세금 전, 배송비 제외). Kai 확인 2026-09-10. 업그레이드 추가요금을 더해도 조회 구간이 바뀌지 않으므로 재계산 문제 없음.
A16: 자동화 제외 | B16: NEXT DAY STANDARD / NEXT DAY EARLY 8:30AM — 원본에 'VARIES BY LOC.'로만 표기, 요금값 없음.
... A20: 원본 주석 | B20: IMPORTANT NOTE: Saturday options is not available for all cities, please check before taking payment. Saturday Option is only available on Friday for Express orders. Ground shipping does deliver on Saturdays sometimes.
